combo_id,pretest,exam,student_count,event_name,div,student_q_count,div_num,percent_correct
1,6,6,723,mchoice,ch1,46,1,47.82608695652174
1,6,6,723,mchoice,ch10,7,10,57.14285714285714
1,6,6,723,mchoice,ch11,6,11,83.33333333333334
1,6,6,723,mchoice,ch12,29,12,41.37931034482759
1,6,6,723,mchoice,ch13,36,13,50.0
1,6,6,723,mchoice,ch14,19,14,42.10526315789473
1,6,6,723,mchoice,ch15,4,15,0.0
1,6,6,723,mchoice,ch16,21,16,57.14285714285714
1,6,6,723,mchoice,ch17,12,17,66.66666666666666
1,6,6,723,mchoice,ch18,9,18,55.55555555555556
1,6,6,723,mchoice,ch2,24,2,37.5
1,6,6,723,mchoice,ch22,17,22,47.05882352941176
1,6,6,723,mchoice,ch3,103,3,69.90291262135922
1,6,6,723,mchoice,ch4,76,4,55.26315789473685
1,6,6,723,mchoice,ch5,21,5,57.14285714285714
1,6,6,723,mchoice,ch6,41,6,73.17073170731707
1,6,6,723,mchoice,ch7,44,7,63.63636363636363
1,6,6,723,mchoice,ch8,34,8,52.94117647058824
1,6,6,723,mchoice,ch9,20,9,45.0
1,6,6,723,parsons,ch10,17,10,35.294117647058826
1,6,6,723,parsons,ch12,8,12,50.0
1,6,6,723,parsons,ch13,4,13,25.0
1,6,6,723,parsons,ch14,3,14,33.33333333333333
1,6,6,723,parsons,ch16,1,16,0.0
1,6,6,723,parsons,ch18,4,18,25.0
1,6,6,723,parsons,ch21,3,21,0.0
1,6,6,723,parsons,ch3,16,3,18.75
1,6,6,723,parsons,ch4,10,4,70.0
1,6,6,723,parsons,ch5,55,5,30.909090909090907
1,6,6,723,parsons,ch6,8,6,25.0
1,6,6,723,parsons,ch7,13,7,38.46153846153847
1,6,6,723,parsons,ch8,6,8,50.0
1,6,6,723,parsons,ch9,6,9,66.66666666666666
2,12,6,337,mchoice,ch1,25,1,72.0
2,12,6,337,mchoice,ch10,3,10,66.66666666666666
2,12,6,337,mchoice,ch11,2,11,50.0
2,12,6,337,mchoice,ch12,10,12,30.0
2,12,6,337,mchoice,ch13,7,13,71.42857142857143
2,12,6,337,mchoice,ch14,3,14,66.66666666666666
2,12,6,337,mchoice,ch16,4,16,0.0
2,12,6,337,mchoice,ch2,12,2,50.0
2,12,6,337,mchoice,ch22,6,22,100.0
2,12,6,337,mchoice,ch3,63,3,60.317460317460316
2,12,6,337,mchoice,ch4,46,4,56.52173913043478
2,12,6,337,mchoice,ch5,12,5,58.333333333333336
2,12,6,337,mchoice,ch6,38,6,65.78947368421053
2,12,6,337,mchoice,ch7,25,7,40.0
2,12,6,337,mchoice,ch8,21,8,42.857142857142854
2,12,6,337,mchoice,ch9,6,9,0.0
2,12,6,337,parsons,ch10,3,10,0.0
2,12,6,337,parsons,ch12,2,12,0.0
2,12,6,337,parsons,ch21,3,21,0.0
2,12,6,337,parsons,ch3,8,3,37.5
2,12,6,337,parsons,ch4,6,4,83.33333333333334
2,12,6,337,parsons,ch5,12,5,8.333333333333332
2,12,6,337,parsons,ch6,5,6,40.0
2,12,6,337,parsons,ch7,9,7,22.22222222222222
2,12,6,337,parsons,ch8,3,8,33.33333333333333
2,12,6,337,parsons,ch9,3,9,33.33333333333333
3,no_pretest,6,467,mchoice,ch1,42,1,40.476190476190474
3,no_pretest,6,467,mchoice,ch10,4,10,0.0
3,no_pretest,6,467,mchoice,ch11,6,11,50.0
3,no_pretest,6,467,mchoice,ch12,22,12,50.0
3,no_pretest,6,467,mchoice,ch13,29,13,48.275862068965516
3,no_pretest,6,467,mchoice,ch14,12,14,41.66666666666667
3,no_pretest,6,467,mchoice,ch15,4,15,0.0
3,no_pretest,6,467,mchoice,ch16,33,16,33.33333333333333
3,no_pretest,6,467,mchoice,ch17,5,17,20.0
3,no_pretest,6,467,mchoice,ch18,18,18,33.33333333333333
3,no_pretest,6,467,mchoice,ch2,8,2,25.0
3,no_pretest,6,467,mchoice,ch22,11,22,27.27272727272727
3,no_pretest,6,467,mchoice,ch3,62,3,53.2258064516129
3,no_pretest,6,467,mchoice,ch4,26,4,42.30769230769231
3,no_pretest,6,467,mchoice,ch5,13,5,69.23076923076923
3,no_pretest,6,467,mchoice,ch6,16,6,62.5
3,no_pretest,6,467,mchoice,ch7,29,7,37.93103448275862
3,no_pretest,6,467,mchoice,ch8,28,8,50.0
3,no_pretest,6,467,mchoice,ch9,13,9,38.46153846153847
3,no_pretest,6,467,parsons,ch10,10,10,10.0
3,no_pretest,6,467,parsons,ch12,5,12,40.0
3,no_pretest,6,467,parsons,ch13,2,13,0.0
3,no_pretest,6,467,parsons,ch14,1,14,0.0
3,no_pretest,6,467,parsons,ch16,1,16,0.0
3,no_pretest,6,467,parsons,ch18,6,18,0.0
3,no_pretest,6,467,parsons,ch21,6,21,0.0
3,no_pretest,6,467,parsons,ch3,10,3,10.0
3,no_pretest,6,467,parsons,ch4,4,4,50.0
3,no_pretest,6,467,parsons,ch5,23,5,17.391304347826086
3,no_pretest,6,467,parsons,ch6,2,6,50.0
3,no_pretest,6,467,parsons,ch7,10,7,10.0
3,no_pretest,6,467,parsons,ch8,2,8,0.0
3,no_pretest,6,467,parsons,ch9,4,9,25.0
4,6,12,1444,mchoice,ch1,64,1,71.875
4,6,12,1444,mchoice,ch10,15,10,73.33333333333333
4,6,12,1444,mchoice,ch11,15,11,66.66666666666666
4,6,12,1444,mchoice,ch12,56,12,67.85714285714286
4,6,12,1444,mchoice,ch13,79,13,72.15189873417721
4,6,12,1444,mchoice,ch14,37,14,70.27027027027027
4,6,12,1444,mchoice,ch15,15,15,53.333333333333336
4,6,12,1444,mchoice,ch16,105,16,68.57142857142857
4,6,12,1444,mchoice,ch17,40,17,75.0
4,6,12,1444,mchoice,ch18,29,18,72.41379310344827
4,6,12,1444,mchoice,ch2,24,2,70.83333333333334
4,6,12,1444,mchoice,ch22,11,22,54.54545454545454
4,6,12,1444,mchoice,ch3,111,3,83.78378378378379
4,6,12,1444,mchoice,ch4,124,4,70.96774193548387
4,6,12,1444,mchoice,ch5,42,5,95.23809523809523
4,6,12,1444,mchoice,ch6,94,6,82.97872340425532
4,6,12,1444,mchoice,ch7,89,7,80.89887640449437
4,6,12,1444,mchoice,ch8,83,8,66.26506024096386
4,6,12,1444,mchoice,ch9,39,9,79.48717948717949
4,6,12,1444,parsons,ch10,61,10,36.0655737704918
4,6,12,1444,parsons,ch12,16,12,75.0
4,6,12,1444,parsons,ch13,8,13,87.5
4,6,12,1444,parsons,ch14,7,14,14.285714285714285
4,6,12,1444,parsons,ch16,7,16,0.0
4,6,12,1444,parsons,ch18,24,18,37.5
4,6,12,1444,parsons,ch21,5,21,0.0
4,6,12,1444,parsons,ch3,18,3,50.0
4,6,12,1444,parsons,ch4,22,4,81.81818181818183
4,6,12,1444,parsons,ch5,119,5,63.02521008403361
4,6,12,1444,parsons,ch6,21,6,52.38095238095239
4,6,12,1444,parsons,ch7,32,7,59.375
4,6,12,1444,parsons,ch8,16,8,56.25
4,6,12,1444,parsons,ch9,16,9,81.25
5,12,12,497,mchoice,ch1,27,1,74.07407407407408
5,12,12,497,mchoice,ch10,4,10,75.0
5,12,12,497,mchoice,ch11,4,11,25.0
5,12,12,497,mchoice,ch12,10,12,50.0
5,12,12,497,mchoice,ch13,20,13,50.0
5,12,12,497,mchoice,ch14,7,14,71.42857142857143
5,12,12,497,mchoice,ch15,5,15,60.0
5,12,12,497,mchoice,ch16,23,16,69.56521739130434
5,12,12,497,mchoice,ch17,7,17,85.71428571428571
5,12,12,497,mchoice,ch18,10,18,60.0
5,12,12,497,mchoice,ch2,20,2,70.0
5,12,12,497,mchoice,ch22,5,22,0.0
5,12,12,497,mchoice,ch3,83,3,81.92771084337349
5,12,12,497,mchoice,ch4,66,4,60.60606060606061
5,12,12,497,mchoice,ch5,20,5,70.0
5,12,12,497,mchoice,ch6,36,6,63.888888888888886
5,12,12,497,mchoice,ch7,23,7,78.26086956521739
5,12,12,497,mchoice,ch8,15,8,66.66666666666666
5,12,12,497,mchoice,ch9,7,9,85.71428571428571
5,12,12,497,parsons,ch10,10,10,10.0
5,12,12,497,parsons,ch12,2,12,100.0
5,12,12,497,parsons,ch13,2,13,100.0
5,12,12,497,parsons,ch14,1,14,0.0
5,12,12,497,parsons,ch16,1,16,0.0
5,12,12,497,parsons,ch18,7,18,42.857142857142854
5,12,12,497,parsons,ch21,2,21,0.0
5,12,12,497,parsons,ch3,12,3,50.0
5,12,12,497,parsons,ch4,12,4,91.66666666666666
5,12,12,497,parsons,ch5,39,5,38.46153846153847
5,12,12,497,parsons,ch6,5,6,60.0
5,12,12,497,parsons,ch7,8,7,50.0
5,12,12,497,parsons,ch8,2,8,0.0
5,12,12,497,parsons,ch9,2,9,50.0
6,no_pretest,12,757,mchoice,ch1,34,1,67.64705882352942
6,no_pretest,12,757,mchoice,ch10,6,10,33.33333333333333
6,no_pretest,12,757,mchoice,ch11,5,11,80.0
6,no_pretest,12,757,mchoice,ch12,14,12,50.0
6,no_pretest,12,757,mchoice,ch13,20,13,55.00000000000001
6,no_pretest,12,757,mchoice,ch14,19,14,68.42105263157895
6,no_pretest,12,757,mchoice,ch15,4,15,25.0
6,no_pretest,12,757,mchoice,ch16,78,16,51.28205128205128
6,no_pretest,12,757,mchoice,ch17,17,17,52.94117647058824
6,no_pretest,12,757,mchoice,ch18,23,18,43.47826086956522
6,no_pretest,12,757,mchoice,ch2,10,2,60.0
6,no_pretest,12,757,mchoice,ch22,6,22,33.33333333333333
6,no_pretest,12,757,mchoice,ch3,53,3,73.58490566037736
6,no_pretest,12,757,mchoice,ch4,49,4,61.224489795918366
6,no_pretest,12,757,mchoice,ch5,21,5,66.66666666666666
6,no_pretest,12,757,mchoice,ch6,40,6,72.5
6,no_pretest,12,757,mchoice,ch7,86,7,73.25581395348837
6,no_pretest,12,757,mchoice,ch8,59,8,57.6271186440678
6,no_pretest,12,757,mchoice,ch9,18,9,38.88888888888889
6,no_pretest,12,757,parsons,ch10,18,10,22.22222222222222
6,no_pretest,12,757,parsons,ch12,4,12,50.0
6,no_pretest,12,757,parsons,ch13,2,13,0.0
6,no_pretest,12,757,parsons,ch14,3,14,0.0
6,no_pretest,12,757,parsons,ch16,4,16,0.0
6,no_pretest,12,757,parsons,ch18,22,18,36.36363636363637
6,no_pretest,12,757,parsons,ch21,5,21,0.0
6,no_pretest,12,757,parsons,ch3,9,3,11.11111111111111
6,no_pretest,12,757,parsons,ch4,8,4,62.5
6,no_pretest,12,757,parsons,ch5,56,5,23.214285714285715
6,no_pretest,12,757,parsons,ch6,9,6,11.11111111111111
6,no_pretest,12,757,parsons,ch7,30,7,46.666666666666664
6,no_pretest,12,757,parsons,ch8,11,8,45.45454545454545
6,no_pretest,12,757,parsons,ch9,8,9,37.5
6,no_pretest,12,757,unittest,ch13,2,13,0.0
6,no_pretest,12,757,unittest,ch14,2,14,0.0
6,no_pretest,12,757,unittest,chF17,2,F17,0.0
7,6,no_exam,38812,mchoice,ch1,3444,1,63.99535423925668
7,6,no_exam,38812,mchoice,ch10,251,10,76.89243027888446
7,6,no_exam,38812,mchoice,ch11,104,11,51.92307692307693
7,6,no_exam,38812,mchoice,ch12,858,12,42.89044289044289
7,6,no_exam,38812,mchoice,ch13,1252,13,53.674121405750796
7,6,no_exam,38812,mchoice,ch14,284,14,55.98591549295775
7,6,no_exam,38812,mchoice,ch15,67,15,44.776119402985074
7,6,no_exam,38812,mchoice,ch16,611,16,53.84615384615385
7,6,no_exam,38812,mchoice,ch17,191,17,68.06282722513089
7,6,no_exam,38812,mchoice,ch18,105,18,45.714285714285715
7,6,no_exam,38812,mchoice,ch2,1062,2,53.86064030131826
7,6,no_exam,38812,mchoice,ch22,20,22,30.0
7,6,no_exam,38812,mchoice,ch3,6820,3,72.00879765395895
7,6,no_exam,38812,mchoice,ch4,5122,4,63.80320187426787
7,6,no_exam,38812,mchoice,ch5,1099,5,77.25204731574158
7,6,no_exam,38812,mchoice,ch6,2628,6,73.09741248097413
7,6,no_exam,38812,mchoice,ch7,3118,7,64.23989737010905
7,6,no_exam,38812,mchoice,ch8,2480,8,59.95967741935484
7,6,no_exam,38812,mchoice,ch9,887,9,52.19842164599775
7,6,no_exam,38812,parsons,ch10,757,10,28.269484808454425
7,6,no_exam,38812,parsons,ch12,219,12,49.31506849315068
7,6,no_exam,38812,parsons,ch13,113,13,55.75221238938053
7,6,no_exam,38812,parsons,ch14,43,14,16.27906976744186
7,6,no_exam,38812,parsons,ch16,29,16,3.4482758620689653
7,6,no_exam,38812,parsons,ch18,72,18,40.27777777777778
7,6,no_exam,38812,parsons,ch21,7,21,0.0
7,6,no_exam,38812,parsons,ch3,1023,3,42.32649071358749
7,6,no_exam,38812,parsons,ch4,844,4,81.39810426540285
7,6,no_exam,38812,parsons,ch5,2885,5,42.4263431542461
7,6,no_exam,38812,parsons,ch6,583,6,33.9622641509434
7,6,no_exam,38812,parsons,ch7,1027,7,50.82765335929893
7,6,no_exam,38812,parsons,ch8,454,8,40.08810572687225
7,6,no_exam,38812,parsons,ch9,344,9,60.46511627906976
7,6,no_exam,38812,unittest,ch13,4,13,0.0
7,6,no_exam,38812,unittest,ch14,3,14,33.33333333333333
7,6,no_exam,38812,unittest,chF17,2,F17,0.0
8,12,no_exam,13137,mchoice,ch1,1317,1,77.52467729688686
8,12,no_exam,13137,mchoice,ch10,88,10,85.22727272727273
8,12,no_exam,13137,mchoice,ch11,58,11,63.793103448275865
8,12,no_exam,13137,mchoice,ch12,323,12,56.34674922600619
8,12,no_exam,13137,mchoice,ch13,353,13,66.57223796033995
8,12,no_exam,13137,mchoice,ch14,138,14,61.59420289855072
8,12,no_exam,13137,mchoice,ch15,44,15,54.54545454545454
8,12,no_exam,13137,mchoice,ch16,301,16,62.12624584717608
8,12,no_exam,13137,mchoice,ch17,113,17,75.22123893805309
8,12,no_exam,13137,mchoice,ch18,93,18,46.236559139784944
8,12,no_exam,13137,mchoice,ch2,429,2,67.13286713286713
8,12,no_exam,13137,mchoice,ch22,3,22,66.66666666666666
8,12,no_exam,13137,mchoice,ch3,2330,3,82.61802575107296
8,12,no_exam,13137,mchoice,ch4,1584,4,78.4090909090909
8,12,no_exam,13137,mchoice,ch5,378,5,80.15873015873017
8,12,no_exam,13137,mchoice,ch6,852,6,79.22535211267606
8,12,no_exam,13137,mchoice,ch7,910,7,76.37362637362637
8,12,no_exam,13137,mchoice,ch8,718,8,70.89136490250696
8,12,no_exam,13137,mchoice,ch9,298,9,63.08724832214765
8,12,no_exam,13137,parsons,ch10,265,10,32.83018867924528
8,12,no_exam,13137,parsons,ch12,80,12,68.75
8,12,no_exam,13137,parsons,ch13,32,13,78.125
8,12,no_exam,13137,parsons,ch14,23,14,13.043478260869565
8,12,no_exam,13137,parsons,ch16,14,16,14.285714285714285
8,12,no_exam,13137,parsons,ch18,64,18,51.5625
8,12,no_exam,13137,parsons,ch21,2,21,0.0
8,12,no_exam,13137,parsons,ch3,348,3,52.87356321839081
8,12,no_exam,13137,parsons,ch4,264,4,85.98484848484848
8,12,no_exam,13137,parsons,ch5,972,5,54.11522633744856
8,12,no_exam,13137,parsons,ch6,181,6,52.48618784530387
8,12,no_exam,13137,parsons,ch7,301,7,63.12292358803987
8,12,no_exam,13137,parsons,ch8,142,8,52.816901408450704
8,12,no_exam,13137,parsons,ch9,111,9,72.97297297297297
8,12,no_exam,13137,unittest,ch13,2,13,0.0
8,12,no_exam,13137,unittest,ch14,3,14,0.0
8,12,no_exam,13137,unittest,chF17,3,F17,0.0
9,no_pretest,no_exam,23145,mchoice,ch1,1244,1,66.31832797427653
9,no_pretest,no_exam,23145,mchoice,ch10,177,10,66.10169491525424
9,no_pretest,no_exam,23145,mchoice,ch11,120,11,57.49999999999999
9,no_pretest,no_exam,23145,mchoice,ch12,1129,12,46.76705048715677
9,no_pretest,no_exam,23145,mchoice,ch13,1069,13,56.31431244153414
9,no_pretest,no_exam,23145,mchoice,ch14,357,14,52.10084033613446
9,no_pretest,no_exam,23145,mchoice,ch15,110,15,38.18181818181819
9,no_pretest,no_exam,23145,mchoice,ch16,444,16,54.729729729729726
9,no_pretest,no_exam,23145,mchoice,ch17,151,17,64.90066225165563
9,no_pretest,no_exam,23145,mchoice,ch18,192,18,51.5625
9,no_pretest,no_exam,23145,mchoice,ch2,268,2,45.52238805970149
9,no_pretest,no_exam,23145,mchoice,ch22,37,22,27.027027027027028
9,no_pretest,no_exam,23145,mchoice,ch3,4003,3,68.54858855858107
9,no_pretest,no_exam,23145,mchoice,ch4,2555,4,63.600782778864975
9,no_pretest,no_exam,23145,mchoice,ch5,845,5,68.52071005917159
9,no_pretest,no_exam,23145,mchoice,ch6,1470,6,68.77551020408164
9,no_pretest,no_exam,23145,mchoice,ch7,1797,7,62.71563717306622
9,no_pretest,no_exam,23145,mchoice,ch8,1451,8,56.99517574086836
9,no_pretest,no_exam,23145,mchoice,ch9,322,9,44.72049689440994
9,no_pretest,no_exam,23145,parsons,ch10,443,10,18.961625282167045
9,no_pretest,no_exam,23145,parsons,ch12,320,12,37.8125
9,no_pretest,no_exam,23145,parsons,ch13,94,13,48.93617021276596
9,no_pretest,no_exam,23145,parsons,ch14,59,14,15.254237288135593
9,no_pretest,no_exam,23145,parsons,ch16,22,16,18.181818181818183
9,no_pretest,no_exam,23145,parsons,ch18,125,18,47.199999999999996
9,no_pretest,no_exam,23145,parsons,ch21,14,21,0.0
9,no_pretest,no_exam,23145,parsons,ch3,580,3,35.689655172413794
9,no_pretest,no_exam,23145,parsons,ch4,409,4,74.81662591687042
9,no_pretest,no_exam,23145,parsons,ch5,1813,5,36.293436293436294
9,no_pretest,no_exam,23145,parsons,ch6,311,6,30.54662379421222
9,no_pretest,no_exam,23145,parsons,ch7,597,7,43.383584589614735
9,no_pretest,no_exam,23145,parsons,ch8,256,8,30.078125
9,no_pretest,no_exam,23145,parsons,ch9,119,9,42.857142857142854
9,no_pretest,no_exam,23145,unittest,ch13,95,13,8.421052631578947
9,no_pretest,no_exam,23145,unittest,ch14,75,14,22.666666666666664
9,no_pretest,no_exam,23145,unittest,chF17,72,F17,22.22222222222222
10,6,6,1669,mchoice,ch1,84,1,57.14285714285714
10,6,6,1669,mchoice,ch10,17,10,70.58823529411765
10,6,6,1669,mchoice,ch11,15,11,73.33333333333333
10,6,6,1669,mchoice,ch12,64,12,56.25
10,6,6,1669,mchoice,ch13,85,13,60.0
10,6,6,1669,mchoice,ch14,39,14,58.97435897435898
10,6,6,1669,mchoice,ch15,14,15,42.857142857142854
10,6,6,1669,mchoice,ch16,84,16,63.095238095238095
10,6,6,1669,mchoice,ch17,35,17,71.42857142857143
10,6,6,1669,mchoice,ch18,28,18,67.85714285714286
10,6,6,1669,mchoice,ch2,38,2,52.63157894736842
10,6,6,1669,mchoice,ch22,22,22,54.54545454545454
10,6,6,1669,mchoice,ch3,205,3,69.7560975609756
10,6,6,1669,mchoice,ch4,166,4,54.81927710843374
10,6,6,1669,mchoice,ch5,49,5,75.51020408163265
10,6,6,1669,mchoice,ch6,101,6,77.22772277227723
10,6,6,1669,mchoice,ch7,99,7,75.75757575757575
10,6,6,1669,mchoice,ch8,85,8,57.647058823529406
10,6,6,1669,mchoice,ch9,44,9,68.18181818181817
10,6,6,1669,parsons,ch10,57,10,38.59649122807017
10,6,6,1669,parsons,ch12,17,12,58.82352941176471
10,6,6,1669,parsons,ch13,9,13,66.66666666666666
10,6,6,1669,parsons,ch14,7,14,0.0
10,6,6,1669,parsons,ch16,6,16,0.0
10,6,6,1669,parsons,ch18,19,18,31.57894736842105
10,6,6,1669,parsons,ch21,6,21,0.0
10,6,6,1669,parsons,ch3,32,3,25.0
10,6,6,1669,parsons,ch4,26,4,88.46153846153845
10,6,6,1669,parsons,ch5,130,5,41.53846153846154
10,6,6,1669,parsons,ch6,21,6,52.38095238095239
10,6,6,1669,parsons,ch7,33,7,48.484848484848484
10,6,6,1669,parsons,ch8,16,8,43.75
10,6,6,1669,parsons,ch9,16,9,81.25
11,12,6,552,mchoice,ch1,34,1,73.52941176470588
11,12,6,552,mchoice,ch10,5,10,60.0
11,12,6,552,mchoice,ch11,4,11,50.0
11,12,6,552,mchoice,ch12,13,12,38.46153846153847
11,12,6,552,mchoice,ch13,17,13,52.94117647058824
11,12,6,552,mchoice,ch14,5,14,80.0
11,12,6,552,mchoice,ch15,2,15,50.0
11,12,6,552,mchoice,ch16,13,16,46.15384615384615
11,12,6,552,mchoice,ch17,2,17,50.0
11,12,6,552,mchoice,ch18,1,18,100.0
11,12,6,552,mchoice,ch2,22,2,63.63636363636363
11,12,6,552,mchoice,ch22,4,22,25.0
11,12,6,552,mchoice,ch3,102,3,72.54901960784314
11,12,6,552,mchoice,ch4,87,4,60.91954022988506
11,12,6,552,mchoice,ch5,26,5,61.53846153846154
11,12,6,552,mchoice,ch6,56,6,60.71428571428571
11,12,6,552,mchoice,ch7,31,7,54.83870967741935
11,12,6,552,mchoice,ch8,18,8,38.88888888888889
11,12,6,552,mchoice,ch9,8,9,12.5
11,12,6,552,parsons,ch10,5,10,0.0
11,12,6,552,parsons,ch12,2,12,0.0
11,12,6,552,parsons,ch13,1,13,100.0
11,12,6,552,parsons,ch18,1,18,0.0
11,12,6,552,parsons,ch21,2,21,0.0
11,12,6,552,parsons,ch3,14,3,42.857142857142854
11,12,6,552,parsons,ch4,16,4,87.5
11,12,6,552,parsons,ch5,37,5,32.432432432432435
11,12,6,552,parsons,ch6,6,6,66.66666666666666
11,12,6,552,parsons,ch7,12,7,33.33333333333333
11,12,6,552,parsons,ch8,3,8,33.33333333333333
11,12,6,552,parsons,ch9,3,9,33.33333333333333
12,no_pretest,6,749,mchoice,ch1,42,1,61.904761904761905
12,no_pretest,6,749,mchoice,ch10,8,10,12.5
12,no_pretest,6,749,mchoice,ch11,4,11,25.0
12,no_pretest,6,749,mchoice,ch12,24,12,54.166666666666664
12,no_pretest,6,749,mchoice,ch13,34,13,52.94117647058824
12,no_pretest,6,749,mchoice,ch14,15,14,53.333333333333336
12,no_pretest,6,749,mchoice,ch15,3,15,33.33333333333333
12,no_pretest,6,749,mchoice,ch16,69,16,40.57971014492754
12,no_pretest,6,749,mchoice,ch17,17,17,29.411764705882355
12,no_pretest,6,749,mchoice,ch18,19,18,36.84210526315789
12,no_pretest,6,749,mchoice,ch2,10,2,40.0
12,no_pretest,6,749,mchoice,ch22,4,22,25.0
12,no_pretest,6,749,mchoice,ch3,76,3,55.26315789473685
12,no_pretest,6,749,mchoice,ch4,49,4,53.06122448979592
12,no_pretest,6,749,mchoice,ch5,23,5,60.86956521739131
12,no_pretest,6,749,mchoice,ch6,43,6,65.11627906976744
12,no_pretest,6,749,mchoice,ch7,64,7,57.8125
12,no_pretest,6,749,mchoice,ch8,60,8,48.333333333333336
12,no_pretest,6,749,mchoice,ch9,22,9,36.36363636363637
12,no_pretest,6,749,parsons,ch10,18,10,22.22222222222222
12,no_pretest,6,749,parsons,ch12,6,12,33.33333333333333
12,no_pretest,6,749,parsons,ch13,3,13,0.0
12,no_pretest,6,749,parsons,ch14,2,14,0.0
12,no_pretest,6,749,parsons,ch16,2,16,0.0
12,no_pretest,6,749,parsons,ch18,10,18,20.0
12,no_pretest,6,749,parsons,ch21,4,21,0.0
12,no_pretest,6,749,parsons,ch3,12,3,0.0
12,no_pretest,6,749,parsons,ch4,8,4,62.5
12,no_pretest,6,749,parsons,ch5,58,5,18.96551724137931
12,no_pretest,6,749,parsons,ch6,7,6,14.285714285714285
12,no_pretest,6,749,parsons,ch7,18,7,27.77777777777778
12,no_pretest,6,749,parsons,ch8,8,8,25.0
12,no_pretest,6,749,parsons,ch9,7,9,28.57142857142857
13,6,12,425,mchoice,ch1,23,1,82.6086956521739
13,6,12,425,mchoice,ch10,2,10,50.0
13,6,12,425,mchoice,ch11,4,11,50.0
13,6,12,425,mchoice,ch12,14,12,64.28571428571429
13,6,12,425,mchoice,ch13,20,13,80.0
13,6,12,425,mchoice,ch14,10,14,60.0
13,6,12,425,mchoice,ch15,4,15,50.0
13,6,12,425,mchoice,ch16,28,16,78.57142857142857
13,6,12,425,mchoice,ch17,10,17,100.0
13,6,12,425,mchoice,ch18,10,18,70.0
13,6,12,425,mchoice,ch2,10,2,60.0
13,6,12,425,mchoice,ch22,2,22,0.0
13,6,12,425,mchoice,ch3,25,3,92.0
13,6,12,425,mchoice,ch4,44,4,77.27272727272727
13,6,12,425,mchoice,ch5,16,5,100.0
13,6,12,425,mchoice,ch6,36,6,75.0
13,6,12,425,mchoice,ch7,22,7,77.27272727272727
13,6,12,425,mchoice,ch8,20,8,75.0
13,6,12,425,mchoice,ch9,10,9,60.0
13,6,12,425,parsons,ch10,12,10,25.0
13,6,12,425,parsons,ch12,4,12,75.0
13,6,12,425,parsons,ch13,2,13,100.0
13,6,12,425,parsons,ch14,2,14,50.0
13,6,12,425,parsons,ch16,2,16,0.0
13,6,12,425,parsons,ch18,8,18,50.0
13,6,12,425,parsons,ch21,2,21,0.0
13,6,12,425,parsons,ch3,4,3,50.0
13,6,12,425,parsons,ch4,8,4,62.5
13,6,12,425,parsons,ch5,47,5,65.95744680851064
13,6,12,425,parsons,ch6,8,6,25.0
13,6,12,425,parsons,ch7,8,7,62.5
13,6,12,425,parsons,ch8,4,8,75.0
13,6,12,425,parsons,ch9,4,9,50.0
14,12,12,161,mchoice,ch1,10,1,100.0
14,12,12,161,mchoice,ch10,2,10,100.0
14,12,12,161,mchoice,ch12,7,12,28.57142857142857
14,12,12,161,mchoice,ch13,10,13,70.0
14,12,12,161,mchoice,ch15,1,15,0.0
14,12,12,161,mchoice,ch16,5,16,60.0
14,12,12,161,mchoice,ch2,4,2,75.0
14,12,12,161,mchoice,ch22,1,22,100.0
14,12,12,161,mchoice,ch3,26,3,84.61538461538461
14,12,12,161,mchoice,ch4,17,4,70.58823529411765
14,12,12,161,mchoice,ch5,4,5,100.0
14,12,12,161,mchoice,ch6,8,6,100.0
14,12,12,161,mchoice,ch7,11,7,63.63636363636363
14,12,12,161,mchoice,ch8,11,8,72.72727272727273
14,12,12,161,mchoice,ch9,5,9,80.0
14,12,12,161,parsons,ch10,8,10,50.0
14,12,12,161,parsons,ch12,2,12,50.0
14,12,12,161,parsons,ch13,1,13,100.0
14,12,12,161,parsons,ch3,4,3,50.0
14,12,12,161,parsons,ch4,2,4,50.0
14,12,12,161,parsons,ch5,12,5,75.0
14,12,12,161,parsons,ch6,2,6,0.0
14,12,12,161,parsons,ch7,4,7,75.0
14,12,12,161,parsons,ch8,2,8,0.0
14,12,12,161,parsons,ch9,2,9,100.0
15,no_pretest,12,190,mchoice,ch1,5,1,60.0
15,no_pretest,12,190,mchoice,ch10,2,10,100.0
15,no_pretest,12,190,mchoice,ch11,2,11,100.0
15,no_pretest,12,190,mchoice,ch12,7,12,57.14285714285714
15,no_pretest,12,190,mchoice,ch13,10,13,70.0
15,no_pretest,12,190,mchoice,ch14,5,14,80.0
15,no_pretest,12,190,mchoice,ch15,2,15,0.0
15,no_pretest,12,190,mchoice,ch16,14,16,50.0
15,no_pretest,12,190,mchoice,ch17,5,17,100.0
15,no_pretest,12,190,mchoice,ch18,14,18,28.57142857142857
15,no_pretest,12,190,mchoice,ch2,3,2,66.66666666666666
15,no_pretest,12,190,mchoice,ch22,3,22,0.0
15,no_pretest,12,190,mchoice,ch3,13,3,92.3076923076923
15,no_pretest,12,190,mchoice,ch4,11,4,72.72727272727273
15,no_pretest,12,190,mchoice,ch5,4,5,100.0
15,no_pretest,12,190,mchoice,ch6,9,6,88.88888888888889
15,no_pretest,12,190,mchoice,ch7,11,7,81.81818181818183
15,no_pretest,12,190,mchoice,ch8,10,8,60.0
15,no_pretest,12,190,mchoice,ch9,5,9,60.0
15,no_pretest,12,190,parsons,ch10,8,10,37.5
15,no_pretest,12,190,parsons,ch12,2,12,50.0
15,no_pretest,12,190,parsons,ch13,1,13,0.0
15,no_pretest,12,190,parsons,ch14,1,14,0.0
15,no_pretest,12,190,parsons,ch16,1,16,0.0
15,no_pretest,12,190,parsons,ch18,13,18,23.076923076923077
15,no_pretest,12,190,parsons,ch21,3,21,0.0
15,no_pretest,12,190,parsons,ch3,2,3,50.0
15,no_pretest,12,190,parsons,ch4,2,4,100.0
15,no_pretest,12,190,parsons,ch5,12,5,41.66666666666667
15,no_pretest,12,190,parsons,ch6,2,6,0.0
15,no_pretest,12,190,parsons,ch7,4,7,75.0
15,no_pretest,12,190,parsons,ch8,2,8,0.0
15,no_pretest,12,190,parsons,ch9,2,9,100.0
16,6,no_exam,38885,mchoice,ch1,3447,1,63.9686684073107
16,6,no_exam,38885,mchoice,ch10,254,10,76.77165354330708
16,6,no_exam,38885,mchoice,ch11,106,11,52.83018867924528
16,6,no_exam,38885,mchoice,ch12,865,12,43.12138728323699
16,6,no_exam,38885,mchoice,ch13,1262,13,53.88272583201268
16,6,no_exam,38885,mchoice,ch14,291,14,56.3573883161512
16,6,no_exam,38885,mchoice,ch15,68,15,44.11764705882353
16,6,no_exam,38885,mchoice,ch16,625,16,54.08
16,6,no_exam,38885,mchoice,ch17,198,17,67.17171717171718
16,6,no_exam,38885,mchoice,ch18,105,18,45.714285714285715
16,6,no_exam,38885,mchoice,ch2,1062,2,53.86064030131826
16,6,no_exam,38885,mchoice,ch22,24,22,33.33333333333333
16,6,no_exam,38885,mchoice,ch3,6804,3,72.16343327454439
16,6,no_exam,38885,mchoice,ch4,5112,4,64.02582159624414
16,6,no_exam,38885,mchoice,ch5,1097,5,77.3017319963537
16,6,no_exam,38885,mchoice,ch6,2626,6,73.26732673267327
16,6,no_exam,38885,mchoice,ch7,3130,7,64.24920127795527
16,6,no_exam,38885,mchoice,ch8,2492,8,60.03210272873194
16,6,no_exam,38885,mchoice,ch9,892,9,52.3542600896861
16,6,no_exam,38885,parsons,ch10,766,10,28.3289817232376
16,6,no_exam,38885,parsons,ch12,222,12,50.0
16,6,no_exam,38885,parsons,ch13,114,13,55.26315789473685
16,6,no_exam,38885,parsons,ch14,44,14,18.181818181818183
16,6,no_exam,38885,parsons,ch16,29,16,3.4482758620689653
16,6,no_exam,38885,parsons,ch18,73,18,39.726027397260275
16,6,no_exam,38885,parsons,ch21,7,21,0.0
16,6,no_exam,38885,parsons,ch3,1021,3,42.60528893241919
16,6,no_exam,38885,parsons,ch4,842,4,81.23515439429929
16,6,no_exam,38885,parsons,ch5,2882,5,42.71339347675225
16,6,no_exam,38885,parsons,ch6,583,6,33.9622641509434
16,6,no_exam,38885,parsons,ch7,1031,7,50.921435499515034
16,6,no_exam,38885,parsons,ch8,456,8,40.35087719298245
16,6,no_exam,38885,parsons,ch9,346,9,60.69364161849711
16,6,no_exam,38885,unittest,ch13,4,13,0.0
16,6,no_exam,38885,unittest,ch14,3,14,33.33333333333333
16,6,no_exam,38885,unittest,chF17,2,F17,0.0
17,12,no_exam,13258,mchoice,ch1,1325,1,77.28301886792453
17,12,no_exam,13258,mchoice,ch10,88,10,85.22727272727273
17,12,no_exam,13258,mchoice,ch11,60,11,61.66666666666667
17,12,no_exam,13258,mchoice,ch12,323,12,56.656346749226
17,12,no_exam,13258,mchoice,ch13,353,13,66.28895184135978
17,12,no_exam,13258,mchoice,ch14,143,14,61.53846153846154
17,12,no_exam,13258,mchoice,ch15,46,15,56.52173913043478
17,12,no_exam,13258,mchoice,ch16,310,16,62.58064516129033
17,12,no_exam,13258,mchoice,ch17,118,17,76.27118644067797
17,12,no_exam,13258,mchoice,ch18,102,18,47.05882352941176
17,12,no_exam,13258,mchoice,ch2,435,2,66.89655172413794
17,12,no_exam,13258,mchoice,ch22,9,22,66.66666666666666
17,12,no_exam,13258,mchoice,ch3,2348,3,82.41056218057922
17,12,no_exam,13258,mchoice,ch4,1592,4,78.07788944723619
17,12,no_exam,13258,mchoice,ch5,380,5,80.0
17,12,no_exam,13258,mchoice,ch6,862,6,79.00232018561485
17,12,no_exam,13258,mchoice,ch7,916,7,76.31004366812228
17,12,no_exam,13258,mchoice,ch8,725,8,70.75862068965517
17,12,no_exam,13258,mchoice,ch9,298,9,63.42281879194631
17,12,no_exam,13258,parsons,ch10,265,10,31.69811320754717
17,12,no_exam,13258,parsons,ch12,80,12,70.0
17,12,no_exam,13258,parsons,ch13,32,13,78.125
17,12,no_exam,13258,parsons,ch14,24,14,12.5
17,12,no_exam,13258,parsons,ch16,15,16,13.333333333333334
17,12,no_exam,13258,parsons,ch18,70,18,51.42857142857142
17,12,no_exam,13258,parsons,ch21,5,21,0.0
17,12,no_exam,13258,parsons,ch3,350,3,52.85714285714286
17,12,no_exam,13258,parsons,ch4,264,4,86.36363636363636
17,12,no_exam,13258,parsons,ch5,974,5,53.49075975359343
17,12,no_exam,13258,parsons,ch6,183,6,52.459016393442624
17,12,no_exam,13258,parsons,ch7,302,7,62.58278145695364
17,12,no_exam,13258,parsons,ch8,142,8,52.816901408450704
17,12,no_exam,13258,parsons,ch9,111,9,72.07207207207207
17,12,no_exam,13258,unittest,ch13,2,13,0.0
17,12,no_exam,13258,unittest,ch14,3,14,0.0
17,12,no_exam,13258,unittest,chF17,3,F17,0.0
18,no_pretest,no_exam,23430,mchoice,ch1,1273,1,65.67164179104478
18,no_pretest,no_exam,23430,mchoice,ch10,177,10,65.5367231638418
18,no_pretest,no_exam,23430,mchoice,ch11,125,11,58.4
18,no_pretest,no_exam,23430,mchoice,ch12,1134,12,46.64902998236332
18,no_pretest,no_exam,23430,mchoice,ch13,1074,13,56.052141527001865
18,no_pretest,no_exam,23430,mchoice,ch14,368,14,52.17391304347826
18,no_pretest,no_exam,23430,mchoice,ch15,113,15,37.16814159292036
18,no_pretest,no_exam,23430,mchoice,ch16,472,16,54.8728813559322
18,no_pretest,no_exam,23430,mchoice,ch17,151,17,64.90066225165563
18,no_pretest,no_exam,23430,mchoice,ch18,200,18,52.0
18,no_pretest,no_exam,23430,mchoice,ch2,273,2,45.42124542124542
18,no_pretest,no_exam,23430,mchoice,ch22,47,22,29.78723404255319
18,no_pretest,no_exam,23430,mchoice,ch3,4029,3,68.5529908165798
18,no_pretest,no_exam,23430,mchoice,ch4,2570,4,63.50194552529182
18,no_pretest,no_exam,23430,mchoice,ch5,852,5,68.54460093896714
18,no_pretest,no_exam,23430,mchoice,ch6,1474,6,68.79240162822252
18,no_pretest,no_exam,23430,mchoice,ch7,1837,7,62.874251497005986
18,no_pretest,no_exam,23430,mchoice,ch8,1468,8,57.22070844686649
18,no_pretest,no_exam,23430,mchoice,ch9,326,9,44.47852760736196
18,no_pretest,no_exam,23430,parsons,ch10,445,10,18.426966292134832
18,no_pretest,no_exam,23430,parsons,ch12,321,12,38.006230529595015
18,no_pretest,no_exam,23430,parsons,ch13,94,13,48.93617021276596
18,no_pretest,no_exam,23430,parsons,ch14,60,14,15.0
18,no_pretest,no_exam,23430,parsons,ch16,24,16,16.666666666666664
18,no_pretest,no_exam,23430,parsons,ch18,130,18,47.69230769230769
18,no_pretest,no_exam,23430,parsons,ch21,18,21,0.0
18,no_pretest,no_exam,23430,parsons,ch3,585,3,35.55555555555556
18,no_pretest,no_exam,23430,parsons,ch4,411,4,74.45255474452554
18,no_pretest,no_exam,23430,parsons,ch5,1822,5,36.16904500548848
18,no_pretest,no_exam,23430,parsons,ch6,313,6,30.670926517571885
18,no_pretest,no_exam,23430,parsons,ch7,615,7,43.2520325203252
18,no_pretest,no_exam,23430,parsons,ch8,259,8,30.888030888030887
18,no_pretest,no_exam,23430,parsons,ch9,122,9,41.80327868852459
18,no_pretest,no_exam,23430,unittest,ch13,97,13,8.24742268041237
18,no_pretest,no_exam,23430,unittest,ch14,77,14,22.07792207792208
18,no_pretest,no_exam,23430,unittest,chF17,74,F17,21.62162162162162
19,6,6,1155,mchoice,ch1,66,1,57.57575757575758
19,6,6,1155,mchoice,ch10,12,10,66.66666666666666
19,6,6,1155,mchoice,ch11,10,11,60.0
19,6,6,1155,mchoice,ch12,45,12,46.666666666666664
19,6,6,1155,mchoice,ch13,61,13,49.18032786885246
19,6,6,1155,mchoice,ch14,26,14,50.0
19,6,6,1155,mchoice,ch15,8,15,25.0
19,6,6,1155,mchoice,ch16,45,16,66.66666666666666
19,6,6,1155,mchoice,ch17,20,17,65.0
19,6,6,1155,mchoice,ch18,20,18,65.0
19,6,6,1155,mchoice,ch2,28,2,46.42857142857143
19,6,6,1155,mchoice,ch22,17,22,47.05882352941176
19,6,6,1155,mchoice,ch3,138,3,68.11594202898551
19,6,6,1155,mchoice,ch4,112,4,59.82142857142857
19,6,6,1155,mchoice,ch5,32,5,75.0
19,6,6,1155,mchoice,ch6,70,6,71.42857142857143
19,6,6,1155,mchoice,ch7,77,7,67.53246753246754
19,6,6,1155,mchoice,ch8,64,8,57.8125
19,6,6,1155,mchoice,ch9,35,9,62.857142857142854
19,6,6,1155,parsons,ch10,33,10,39.39393939393939
19,6,6,1155,parsons,ch12,11,12,54.54545454545454
19,6,6,1155,parsons,ch13,6,13,66.66666666666666
19,6,6,1155,parsons,ch14,4,14,0.0
19,6,6,1155,parsons,ch16,3,16,0.0
19,6,6,1155,parsons,ch18,12,18,25.0
19,6,6,1155,parsons,ch21,5,21,0.0
19,6,6,1155,parsons,ch3,22,3,27.27272727272727
19,6,6,1155,parsons,ch4,18,4,94.44444444444444
19,6,6,1155,parsons,ch5,92,5,36.95652173913043
19,6,6,1155,parsons,ch6,15,6,40.0
19,6,6,1155,parsons,ch7,24,7,50.0
19,6,6,1155,parsons,ch8,12,8,41.66666666666667
19,6,6,1155,parsons,ch9,12,9,75.0
20,12,6,254,mchoice,ch1,15,1,60.0
20,12,6,254,mchoice,ch10,3,10,33.33333333333333
20,12,6,254,mchoice,ch11,4,11,50.0
20,12,6,254,mchoice,ch12,10,12,40.0
20,12,6,254,mchoice,ch13,10,13,40.0
20,12,6,254,mchoice,ch14,2,14,100.0
20,12,6,254,mchoice,ch15,2,15,50.0
20,12,6,254,mchoice,ch16,13,16,46.15384615384615
20,12,6,254,mchoice,ch17,2,17,50.0
20,12,6,254,mchoice,ch18,1,18,100.0
20,12,6,254,mchoice,ch2,6,2,50.0
20,12,6,254,mchoice,ch22,1,22,0.0
20,12,6,254,mchoice,ch3,39,3,64.1025641025641
20,12,6,254,mchoice,ch4,33,4,57.57575757575758
20,12,6,254,mchoice,ch5,9,5,33.33333333333333
20,12,6,254,mchoice,ch6,21,6,61.904761904761905
20,12,6,254,mchoice,ch7,22,7,54.54545454545454
20,12,6,254,mchoice,ch8,12,8,25.0
20,12,6,254,mchoice,ch9,7,9,14.285714285714285
20,12,6,254,parsons,ch10,2,10,0.0
20,12,6,254,parsons,ch12,2,12,0.0
20,12,6,254,parsons,ch13,1,13,100.0
20,12,6,254,parsons,ch18,1,18,0.0
20,12,6,254,parsons,ch3,6,3,50.0
20,12,6,254,parsons,ch4,6,4,100.0
20,12,6,254,parsons,ch5,10,5,10.0
20,12,6,254,parsons,ch6,2,6,50.0
20,12,6,254,parsons,ch7,8,7,25.0
20,12,6,254,parsons,ch8,2,8,0.0
20,12,6,254,parsons,ch9,2,9,0.0
21,no_pretest,6,355,mchoice,ch1,21,1,42.857142857142854
21,no_pretest,6,355,mchoice,ch10,4,10,0.0
21,no_pretest,6,355,mchoice,ch11,6,11,50.0
21,no_pretest,6,355,mchoice,ch12,15,12,53.333333333333336
21,no_pretest,6,355,mchoice,ch13,19,13,52.63157894736842
21,no_pretest,6,355,mchoice,ch14,7,14,57.14285714285714
21,no_pretest,6,355,mchoice,ch15,2,15,0.0
21,no_pretest,6,355,mchoice,ch16,18,16,27.77777777777778
21,no_pretest,6,355,mchoice,ch18,13,18,23.076923076923077
21,no_pretest,6,355,mchoice,ch2,6,2,16.666666666666664
21,no_pretest,6,355,mchoice,ch22,6,22,16.666666666666664
21,no_pretest,6,355,mchoice,ch3,44,3,52.27272727272727
21,no_pretest,6,355,mchoice,ch4,26,4,42.30769230769231
21,no_pretest,6,355,mchoice,ch5,9,5,77.77777777777779
21,no_pretest,6,355,mchoice,ch6,13,6,69.23076923076923
21,no_pretest,6,355,mchoice,ch7,38,7,50.0
21,no_pretest,6,355,mchoice,ch8,30,8,56.666666666666664
21,no_pretest,6,355,mchoice,ch9,10,9,40.0
21,no_pretest,6,355,parsons,ch10,10,10,10.0
21,no_pretest,6,355,parsons,ch12,3,12,66.66666666666666
21,no_pretest,6,355,parsons,ch13,1,13,0.0
21,no_pretest,6,355,parsons,ch16,1,16,0.0
21,no_pretest,6,355,parsons,ch18,6,18,0.0
21,no_pretest,6,355,parsons,ch21,3,21,0.0
21,no_pretest,6,355,parsons,ch3,6,3,0.0
21,no_pretest,6,355,parsons,ch4,4,4,50.0
21,no_pretest,6,355,parsons,ch5,16,5,25.0
21,no_pretest,6,355,parsons,ch6,1,6,100.0
21,no_pretest,6,355,parsons,ch7,11,7,27.27272727272727
21,no_pretest,6,355,parsons,ch8,2,8,0.0
21,no_pretest,6,355,parsons,ch9,4,9,25.0
22,6,12,663,mchoice,ch1,20,1,75.0
22,6,12,663,mchoice,ch10,6,10,83.33333333333334
22,6,12,663,mchoice,ch11,8,11,62.5
22,6,12,663,mchoice,ch12,28,12,67.85714285714286
22,6,12,663,mchoice,ch13,40,13,82.5
22,6,12,663,mchoice,ch14,20,14,65.0
22,6,12,663,mchoice,ch15,8,15,62.5
22,6,12,663,mchoice,ch16,61,16,72.1311475409836
22,6,12,663,mchoice,ch17,25,17,84.0
22,6,12,663,mchoice,ch18,15,18,73.33333333333333
22,6,12,663,mchoice,ch2,8,2,75.0
22,6,12,663,mchoice,ch22,6,22,50.0
22,6,12,663,mchoice,ch3,51,3,88.23529411764706
22,6,12,663,mchoice,ch4,44,4,81.81818181818183
22,6,12,663,mchoice,ch5,16,5,100.0
22,6,12,663,mchoice,ch6,36,6,86.11111111111111
22,6,12,663,mchoice,ch7,44,7,84.0909090909091
22,6,12,663,mchoice,ch8,40,8,65.0
22,6,12,663,mchoice,ch9,20,9,75.0
22,6,12,663,parsons,ch10,28,10,42.857142857142854
22,6,12,663,parsons,ch12,8,12,75.0
22,6,12,663,parsons,ch13,4,13,100.0
22,6,12,663,parsons,ch14,4,14,25.0
22,6,12,663,parsons,ch16,4,16,0.0
22,6,12,663,parsons,ch18,12,18,58.333333333333336
22,6,12,663,parsons,ch21,3,21,0.0
22,6,12,663,parsons,ch3,8,3,62.5
22,6,12,663,parsons,ch4,8,4,75.0
22,6,12,663,parsons,ch5,48,5,62.5
22,6,12,663,parsons,ch6,8,6,75.0
22,6,12,663,parsons,ch7,16,7,62.5
22,6,12,663,parsons,ch8,8,8,50.0
22,6,12,663,parsons,ch9,8,9,75.0
23,12,12,225,mchoice,ch1,17,1,94.11764705882352
23,12,12,225,mchoice,ch10,2,10,100.0
23,12,12,225,mchoice,ch12,8,12,25.0
23,12,12,225,mchoice,ch13,10,13,70.0
23,12,12,225,mchoice,ch15,1,15,0.0
23,12,12,225,mchoice,ch16,5,16,60.0
23,12,12,225,mchoice,ch2,8,2,75.0
23,12,12,225,mchoice,ch22,2,22,100.0
23,12,12,225,mchoice,ch3,50,3,80.0
23,12,12,225,mchoice,ch4,28,4,67.85714285714286
23,12,12,225,mchoice,ch5,7,5,85.71428571428571
23,12,12,225,mchoice,ch6,16,6,81.25
23,12,12,225,mchoice,ch7,11,7,63.63636363636363
23,12,12,225,mchoice,ch8,11,8,72.72727272727273
23,12,12,225,mchoice,ch9,5,9,80.0
23,12,12,225,parsons,ch10,8,10,50.0
23,12,12,225,parsons,ch12,2,12,50.0
23,12,12,225,parsons,ch13,1,13,100.0
23,12,12,225,parsons,ch21,1,21,0.0
23,12,12,225,parsons,ch3,6,3,50.0
23,12,12,225,parsons,ch4,4,4,75.0
23,12,12,225,parsons,ch5,12,5,75.0
23,12,12,225,parsons,ch6,2,6,0.0
23,12,12,225,parsons,ch7,4,7,75.0
23,12,12,225,parsons,ch8,2,8,0.0
23,12,12,225,parsons,ch9,2,9,100.0
24,no_pretest,12,420,mchoice,ch1,15,1,73.33333333333333
24,no_pretest,12,420,mchoice,ch10,5,10,20.0
24,no_pretest,12,420,mchoice,ch12,7,12,42.857142857142854
24,no_pretest,12,420,mchoice,ch13,10,13,40.0
24,no_pretest,12,420,mchoice,ch14,8,14,62.5
24,no_pretest,12,420,mchoice,ch16,45,16,44.44444444444444
24,no_pretest,12,420,mchoice,ch17,12,17,33.33333333333333
24,no_pretest,12,420,mchoice,ch18,13,18,23.076923076923077
24,no_pretest,12,420,mchoice,ch2,4,2,75.0
24,no_pretest,12,420,mchoice,ch22,1,22,0.0
24,no_pretest,12,420,mchoice,ch3,27,3,59.25925925925925
24,no_pretest,12,420,mchoice,ch4,34,4,52.94117647058824
24,no_pretest,12,420,mchoice,ch5,16,5,56.25
24,no_pretest,12,420,mchoice,ch6,36,6,61.111111111111114
24,no_pretest,12,420,mchoice,ch7,24,7,62.5
24,no_pretest,12,420,mchoice,ch8,24,8,29.166666666666668
24,no_pretest,12,420,mchoice,ch9,18,9,33.33333333333333
24,no_pretest,12,420,parsons,ch10,11,10,9.090909090909092
24,no_pretest,12,420,parsons,ch12,2,12,50.0
24,no_pretest,12,420,parsons,ch13,1,13,0.0
24,no_pretest,12,420,parsons,ch14,1,14,0.0
24,no_pretest,12,420,parsons,ch16,2,16,0.0
24,no_pretest,12,420,parsons,ch18,12,18,16.666666666666664
24,no_pretest,12,420,parsons,ch21,3,21,0.0
24,no_pretest,12,420,parsons,ch3,6,3,0.0
24,no_pretest,12,420,parsons,ch4,6,4,50.0
24,no_pretest,12,420,parsons,ch5,50,5,18.0
24,no_pretest,12,420,parsons,ch6,9,6,22.22222222222222
24,no_pretest,12,420,parsons,ch7,6,7,16.666666666666664
24,no_pretest,12,420,parsons,ch8,5,8,20.0
24,no_pretest,12,420,parsons,ch9,7,9,14.285714285714285
25,6,no_exam,39161,mchoice,ch1,3468,1,63.985005767012694
25,6,no_exam,39161,mchoice,ch10,255,10,76.47058823529412
25,6,no_exam,39161,mchoice,ch11,107,11,54.20560747663551
25,6,no_exam,39161,mchoice,ch12,870,12,43.44827586206896
25,6,no_exam,39161,mchoice,ch13,1266,13,54.02843601895735
25,6,no_exam,39161,mchoice,ch14,294,14,56.80272108843537
25,6,no_exam,39161,mchoice,ch15,70,15,44.285714285714285
25,6,no_exam,39161,mchoice,ch16,631,16,53.72424722662441
25,6,no_exam,39161,mchoice,ch17,198,17,67.67676767676768
25,6,no_exam,39161,mchoice,ch18,108,18,46.2962962962963
25,6,no_exam,39161,mchoice,ch2,1074,2,53.910614525139664
25,6,no_exam,39161,mchoice,ch22,25,22,36.0
25,6,no_exam,39161,mchoice,ch3,6845,3,72.12563915266618
25,6,no_exam,39161,mchoice,ch4,5166,4,63.7824235385211
25,6,no_exam,39161,mchoice,ch5,1114,5,77.28904847396768
25,6,no_exam,39161,mchoice,ch6,2657,6,73.31576966503576
25,6,no_exam,39161,mchoice,ch7,3130,7,64.34504792332268
25,6,no_exam,39161,mchoice,ch8,2493,8,60.048134777376646
25,6,no_exam,39161,mchoice,ch9,891,9,52.30078563411896
25,6,no_exam,39161,parsons,ch10,774,10,28.036175710594314
25,6,no_exam,39161,parsons,ch12,224,12,50.0
25,6,no_exam,39161,parsons,ch13,115,13,54.78260869565217
25,6,no_exam,39161,parsons,ch14,45,14,17.77777777777778
25,6,no_exam,39161,parsons,ch16,30,16,3.3333333333333335
25,6,no_exam,39161,parsons,ch18,76,18,38.15789473684211
25,6,no_exam,39161,parsons,ch21,7,21,0.0
25,6,no_exam,39161,parsons,ch3,1027,3,42.25900681596884
25,6,no_exam,39161,parsons,ch4,850,4,81.05882352941177
25,6,no_exam,39161,parsons,ch5,2919,5,42.89140116478246
25,6,no_exam,39161,parsons,ch6,589,6,33.78607809847199
25,6,no_exam,39161,parsons,ch7,1032,7,50.775193798449614
25,6,no_exam,39161,parsons,ch8,456,8,40.57017543859649
25,6,no_exam,39161,parsons,ch9,346,9,60.69364161849711
25,6,no_exam,39161,unittest,ch13,4,13,0.0
25,6,no_exam,39161,unittest,ch14,3,14,33.33333333333333
25,6,no_exam,39161,unittest,chF17,2,F17,0.0
26,12,no_exam,13492,mchoice,ch1,1337,1,77.33732236350038
26,12,no_exam,13492,mchoice,ch10,90,10,85.55555555555556
26,12,no_exam,13492,mchoice,ch11,60,11,61.66666666666667
26,12,no_exam,13492,mchoice,ch12,325,12,56.61538461538461
26,12,no_exam,13492,mchoice,ch13,360,13,66.38888888888889
26,12,no_exam,13492,mchoice,ch14,146,14,61.64383561643836
26,12,no_exam,13492,mchoice,ch15,46,15,56.52173913043478
26,12,no_exam,13492,mchoice,ch16,310,16,62.58064516129033
26,12,no_exam,13492,mchoice,ch17,118,17,76.27118644067797
26,12,no_exam,13492,mchoice,ch18,102,18,47.05882352941176
26,12,no_exam,13492,mchoice,ch2,447,2,66.8903803131991
26,12,no_exam,13492,mchoice,ch22,11,22,54.54545454545454
26,12,no_exam,13492,mchoice,ch3,2387,3,82.36279849183074
26,12,no_exam,13492,mchoice,ch4,1635,4,77.67584097859327
26,12,no_exam,13492,mchoice,ch5,394,5,79.94923857868021
26,12,no_exam,13492,mchoice,ch6,889,6,78.40269966254219
26,12,no_exam,13492,mchoice,ch7,925,7,76.10810810810811
26,12,no_exam,13492,mchoice,ch8,731,8,70.7250341997264
26,12,no_exam,13492,mchoice,ch9,299,9,63.21070234113713
26,12,no_exam,13492,parsons,ch10,268,10,31.343283582089555
26,12,no_exam,13492,parsons,ch12,80,12,70.0
26,12,no_exam,13492,parsons,ch13,32,13,78.125
26,12,no_exam,13492,parsons,ch14,24,14,12.5
26,12,no_exam,13492,parsons,ch16,15,16,13.333333333333334
26,12,no_exam,13492,parsons,ch18,70,18,51.42857142857142
26,12,no_exam,13492,parsons,ch21,6,21,0.0
26,12,no_exam,13492,parsons,ch3,356,3,52.52808988764045
26,12,no_exam,13492,parsons,ch4,272,4,86.02941176470588
26,12,no_exam,13492,parsons,ch5,1001,5,53.14685314685315
26,12,no_exam,13492,parsons,ch6,187,6,52.94117647058824
26,12,no_exam,13492,parsons,ch7,306,7,62.41830065359477
26,12,no_exam,13492,parsons,ch8,143,8,53.14685314685315
26,12,no_exam,13492,parsons,ch9,112,9,72.32142857142857
26,12,no_exam,13492,unittest,ch13,2,13,0.0
26,12,no_exam,13492,unittest,ch14,3,14,0.0
26,12,no_exam,13492,unittest,chF17,3,F17,0.0
27,no_pretest,no_exam,23594,mchoice,ch1,1284,1,65.80996884735202
27,no_pretest,no_exam,23594,mchoice,ch10,178,10,66.29213483146067
27,no_pretest,no_exam,23594,mchoice,ch11,125,11,58.4
27,no_pretest,no_exam,23594,mchoice,ch12,1143,12,46.806649168853895
27,no_pretest,no_exam,23594,mchoice,ch13,1089,13,56.29017447199265
27,no_pretest,no_exam,23594,mchoice,ch14,373,14,52.27882037533512
27,no_pretest,no_exam,23594,mchoice,ch15,116,15,37.06896551724138
27,no_pretest,no_exam,23594,mchoice,ch16,492,16,54.67479674796748
27,no_pretest,no_exam,23594,mchoice,ch17,161,17,64.59627329192547
27,no_pretest,no_exam,23594,mchoice,ch18,207,18,52.65700483091788
27,no_pretest,no_exam,23594,mchoice,ch2,276,2,45.65217391304348
27,no_pretest,no_exam,23594,mchoice,ch22,47,22,29.78723404255319
27,no_pretest,no_exam,23594,mchoice,ch3,4047,3,68.61872992340004
27,no_pretest,no_exam,23594,mchoice,ch4,2570,4,63.6964980544747
27,no_pretest,no_exam,23594,mchoice,ch5,854,5,68.61826697892272
27,no_pretest,no_exam,23594,mchoice,ch6,1477,6,68.99119837508462
27,no_pretest,no_exam,23594,mchoice,ch7,1850,7,63.08108108108108
27,no_pretest,no_exam,23594,mchoice,ch8,1484,8,57.34501347708895
27,no_pretest,no_exam,23594,mchoice,ch9,325,9,44.92307692307692
27,no_pretest,no_exam,23594,parsons,ch10,450,10,19.333333333333332
27,no_pretest,no_exam,23594,parsons,ch12,324,12,37.65432098765432
27,no_pretest,no_exam,23594,parsons,ch13,96,13,47.91666666666667
27,no_pretest,no_exam,23594,parsons,ch14,62,14,14.516129032258066
27,no_pretest,no_exam,23594,parsons,ch16,24,16,16.666666666666664
27,no_pretest,no_exam,23594,parsons,ch18,135,18,48.148148148148145
27,no_pretest,no_exam,23594,parsons,ch21,19,21,0.0
27,no_pretest,no_exam,23594,parsons,ch3,587,3,35.604770017035776
27,no_pretest,no_exam,23594,parsons,ch4,411,4,74.93917274939173
27,no_pretest,no_exam,23594,parsons,ch5,1826,5,36.25410733844468
27,no_pretest,no_exam,23594,parsons,ch6,312,6,30.128205128205128
27,no_pretest,no_exam,23594,parsons,ch7,620,7,43.54838709677419
27,no_pretest,no_exam,23594,parsons,ch8,262,8,30.916030534351147
27,no_pretest,no_exam,23594,parsons,ch9,120,9,44.166666666666664
27,no_pretest,no_exam,23594,unittest,ch13,97,13,8.24742268041237
27,no_pretest,no_exam,23594,unittest,ch14,77,14,22.07792207792208
27,no_pretest,no_exam,23594,unittest,chF17,74,F17,21.62162162162162
28,6,6,991,mchoice,ch1,52,1,55.769230769230774
28,6,6,991,mchoice,ch10,8,10,62.5
28,6,6,991,mchoice,ch11,9,11,55.55555555555556
28,6,6,991,mchoice,ch12,31,12,64.51612903225806
28,6,6,991,mchoice,ch13,44,13,72.72727272727273
28,6,6,991,mchoice,ch14,22,14,59.09090909090909
28,6,6,991,mchoice,ch15,8,15,50.0
28,6,6,991,mchoice,ch16,57,16,63.1578947368421
28,6,6,991,mchoice,ch17,20,17,90.0
28,6,6,991,mchoice,ch18,15,18,60.0
28,6,6,991,mchoice,ch2,21,2,61.904761904761905
28,6,6,991,mchoice,ch22,5,22,40.0
28,6,6,991,mchoice,ch3,111,3,75.67567567567568
28,6,6,991,mchoice,ch4,101,4,68.31683168316832
28,6,6,991,mchoice,ch5,29,5,82.75862068965517
28,6,6,991,mchoice,ch6,61,6,70.49180327868852
28,6,6,991,mchoice,ch7,66,7,69.6969696969697
28,6,6,991,mchoice,ch8,56,8,66.07142857142857
28,6,6,991,mchoice,ch9,29,9,48.275862068965516
28,6,6,991,parsons,ch10,29,10,27.586206896551722
28,6,6,991,parsons,ch12,8,12,75.0
28,6,6,991,parsons,ch13,4,13,75.0
28,6,6,991,parsons,ch14,4,14,25.0
28,6,6,991,parsons,ch16,4,16,0.0
28,6,6,991,parsons,ch18,11,18,36.36363636363637
28,6,6,991,parsons,ch21,2,21,0.0
28,6,6,991,parsons,ch3,20,3,40.0
28,6,6,991,parsons,ch4,18,4,94.44444444444444
28,6,6,991,parsons,ch5,87,5,37.93103448275862
28,6,6,991,parsons,ch6,14,6,42.857142857142854
28,6,6,991,parsons,ch7,23,7,60.86956521739131
28,6,6,991,parsons,ch8,10,8,70.0
28,6,6,991,parsons,ch9,12,9,66.66666666666666
29,12,6,262,mchoice,ch1,18,1,94.44444444444444
29,12,6,262,mchoice,ch10,4,10,100.0
29,12,6,262,mchoice,ch12,10,12,30.0
29,12,6,262,mchoice,ch13,17,13,70.58823529411765
29,12,6,262,mchoice,ch14,3,14,66.66666666666666
29,12,6,262,mchoice,ch15,1,15,0.0
29,12,6,262,mchoice,ch16,5,16,60.0
29,12,6,262,mchoice,ch2,6,2,50.0
29,12,6,262,mchoice,ch22,2,22,100.0
29,12,6,262,mchoice,ch3,37,3,83.78378378378379
29,12,6,262,mchoice,ch4,27,4,77.77777777777779
29,12,6,262,mchoice,ch5,9,5,77.77777777777779
29,12,6,262,mchoice,ch6,25,6,80.0
29,12,6,262,mchoice,ch7,20,7,60.0
29,12,6,262,mchoice,ch8,16,8,68.75
29,12,6,262,mchoice,ch9,6,9,66.66666666666666
29,12,6,262,parsons,ch10,11,10,36.36363636363637
29,12,6,262,parsons,ch12,2,12,50.0
29,12,6,262,parsons,ch13,1,13,100.0
29,12,6,262,parsons,ch21,2,21,0.0
29,12,6,262,parsons,ch3,4,3,50.0
29,12,6,262,parsons,ch4,4,4,50.0
29,12,6,262,parsons,ch5,14,5,71.42857142857143
29,12,6,262,parsons,ch6,4,6,50.0
29,12,6,262,parsons,ch7,8,7,62.5
29,12,6,262,parsons,ch8,3,8,33.33333333333333
29,12,6,262,parsons,ch9,3,9,100.0
30,no_pretest,6,549,mchoice,ch1,28,1,53.57142857142857
30,no_pretest,6,549,mchoice,ch10,6,10,0.0
30,no_pretest,6,549,mchoice,ch11,6,11,50.0
30,no_pretest,6,549,mchoice,ch12,21,12,47.61904761904761
30,no_pretest,6,549,mchoice,ch13,29,13,48.275862068965516
30,no_pretest,6,549,mchoice,ch14,15,14,60.0
30,no_pretest,6,549,mchoice,ch15,2,15,0.0
30,no_pretest,6,549,mchoice,ch16,35,16,48.57142857142857
30,no_pretest,6,549,mchoice,ch17,10,17,20.0
30,no_pretest,6,549,mchoice,ch18,18,18,22.22222222222222
30,no_pretest,6,549,mchoice,ch2,10,2,40.0
30,no_pretest,6,549,mchoice,ch22,5,22,20.0
30,no_pretest,6,549,mchoice,ch3,63,3,60.317460317460316
30,no_pretest,6,549,mchoice,ch4,47,4,51.06382978723404
30,no_pretest,6,549,mchoice,ch5,14,5,71.42857142857143
30,no_pretest,6,549,mchoice,ch6,16,6,62.5
30,no_pretest,6,549,mchoice,ch7,54,7,55.55555555555556
30,no_pretest,6,549,mchoice,ch8,47,8,59.57446808510638
30,no_pretest,6,549,mchoice,ch9,15,9,40.0
30,no_pretest,6,549,parsons,ch10,10,10,10.0
30,no_pretest,6,549,parsons,ch12,4,12,50.0
30,no_pretest,6,549,parsons,ch13,2,13,0.0
30,no_pretest,6,549,parsons,ch14,1,14,0.0
30,no_pretest,6,549,parsons,ch16,1,16,0.0
30,no_pretest,6,549,parsons,ch18,10,18,0.0
30,no_pretest,6,549,parsons,ch21,3,21,0.0
30,no_pretest,6,549,parsons,ch3,9,3,0.0
30,no_pretest,6,549,parsons,ch4,8,4,62.5
30,no_pretest,6,549,parsons,ch5,30,5,20.0
30,no_pretest,6,549,parsons,ch6,2,6,0.0
30,no_pretest,6,549,parsons,ch7,16,7,31.25
30,no_pretest,6,549,parsons,ch8,6,8,33.33333333333333
30,no_pretest,6,549,parsons,ch9,6,9,33.33333333333333
31,6,12,293,mchoice,ch1,10,1,60.0
31,6,12,293,mchoice,ch10,4,10,75.0
31,6,12,293,mchoice,ch11,3,11,100.0
31,6,12,293,mchoice,ch12,14,12,71.42857142857143
31,6,12,293,mchoice,ch13,20,13,60.0
31,6,12,293,mchoice,ch14,5,14,60.0
31,6,12,293,mchoice,ch15,2,15,100.0
31,6,12,293,mchoice,ch16,14,16,78.57142857142857
31,6,12,293,mchoice,ch17,5,17,80.0
31,6,12,293,mchoice,ch18,5,18,80.0
31,6,12,293,mchoice,ch2,4,2,50.0
31,6,12,293,mchoice,ch22,1,22,100.0
31,6,12,293,mchoice,ch3,26,3,80.76923076923077
31,6,12,293,mchoice,ch4,22,4,72.72727272727273
31,6,12,293,mchoice,ch5,8,5,100.0
31,6,12,293,mchoice,ch6,18,6,88.88888888888889
31,6,12,293,mchoice,ch7,22,7,86.36363636363636
31,6,12,293,mchoice,ch8,20,8,60.0
31,6,12,293,mchoice,ch9,10,9,90.0
31,6,12,293,parsons,ch10,16,10,56.25
31,6,12,293,parsons,ch12,3,12,33.33333333333333
31,6,12,293,parsons,ch13,2,13,100.0
31,6,12,293,parsons,ch14,1,14,0.0
31,6,12,293,parsons,ch16,1,16,0.0
31,6,12,293,parsons,ch18,4,18,75.0
31,6,12,293,parsons,ch21,1,21,0.0
31,6,12,293,parsons,ch3,4,3,25.0
31,6,12,293,parsons,ch4,4,4,75.0
31,6,12,293,parsons,ch5,24,5,70.83333333333334
31,6,12,293,parsons,ch6,4,6,100.0
31,6,12,293,parsons,ch7,8,7,62.5
31,6,12,293,parsons,ch8,4,8,25.0
31,6,12,293,parsons,ch9,4,9,100.0
32,12,12,97,mchoice,ch1,5,1,40.0
32,12,12,97,mchoice,ch10,1,10,0.0
32,12,12,97,mchoice,ch11,2,11,50.0
32,12,12,97,mchoice,ch12,7,12,28.57142857142857
32,12,12,97,mchoice,ch16,4,16,0.0
32,12,12,97,mchoice,ch2,2,2,0.0
32,12,12,97,mchoice,ch3,13,3,23.076923076923077
32,12,12,97,mchoice,ch4,11,4,36.36363636363637
32,12,12,97,mchoice,ch5,2,5,50.0
32,12,12,97,mchoice,ch6,3,6,33.33333333333333
32,12,12,97,mchoice,ch7,11,7,9.090909090909092
32,12,12,97,mchoice,ch8,9,8,11.11111111111111
32,12,12,97,mchoice,ch9,5,9,0.0
32,12,12,97,parsons,ch12,2,12,0.0
32,12,12,97,parsons,ch3,2,3,0.0
32,12,12,97,parsons,ch4,2,4,100.0
32,12,12,97,parsons,ch5,7,5,0.0
32,12,12,97,parsons,ch6,1,6,0.0
32,12,12,97,parsons,ch7,4,7,0.0
32,12,12,97,parsons,ch8,2,8,0.0
32,12,12,97,parsons,ch9,2,9,0.0
33,no_pretest,12,7,mchoice,ch6,4,6,75.0
33,no_pretest,12,7,parsons,ch16,1,16,0.0
33,no_pretest,12,7,parsons,ch5,1,5,0.0
33,no_pretest,12,7,parsons,ch6,1,6,100.0
34,6,no_exam,39695,mchoice,ch1,3492,1,64.0607101947308
34,6,no_exam,39695,mchoice,ch10,261,10,76.62835249042146
34,6,no_exam,39695,mchoice,ch11,113,11,53.98230088495575
34,6,no_exam,39695,mchoice,ch12,898,12,43.207126948775056
34,6,no_exam,39695,mchoice,ch13,1303,13,53.95241749808135
34,6,no_exam,39695,mchoice,ch14,313,14,56.54952076677316
34,6,no_exam,39695,mchoice,ch15,76,15,42.10526315789473
34,6,no_exam,39695,mchoice,ch16,666,16,54.95495495495496
34,6,no_exam,39695,mchoice,ch17,218,17,66.97247706422019
34,6,no_exam,39695,mchoice,ch18,123,18,49.59349593495935
34,6,no_exam,39695,mchoice,ch2,1085,2,53.73271889400921
34,6,no_exam,39695,mchoice,ch22,42,22,40.476190476190474
34,6,no_exam,39695,mchoice,ch3,6897,3,72.07481513701609
34,6,no_exam,39695,mchoice,ch4,5199,4,63.72379303712252
34,6,no_exam,39695,mchoice,ch5,1125,5,77.24444444444445
34,6,no_exam,39695,mchoice,ch6,2684,6,73.39791356184799
34,6,no_exam,39695,mchoice,ch7,3163,7,64.43250079038887
34,6,no_exam,39695,mchoice,ch8,2521,8,59.93653312177707
34,6,no_exam,39695,mchoice,ch9,907,9,52.921719955898574
34,6,no_exam,39695,parsons,ch10,790,10,28.48101265822785
34,6,no_exam,39695,parsons,ch12,232,12,50.43103448275862
34,6,no_exam,39695,parsons,ch13,119,13,55.46218487394958
34,6,no_exam,39695,parsons,ch14,48,14,16.666666666666664
34,6,no_exam,39695,parsons,ch16,32,16,3.125
34,6,no_exam,39695,parsons,ch18,85,18,37.64705882352941
34,6,no_exam,39695,parsons,ch21,12,21,0.0
34,6,no_exam,39695,parsons,ch3,1033,3,42.20716360116166
34,6,no_exam,39695,parsons,ch4,854,4,81.0304449648712
34,6,no_exam,39695,parsons,ch5,2948,5,42.94436906377205
34,6,no_exam,39695,parsons,ch6,594,6,33.83838383838384
34,6,no_exam,39695,parsons,ch7,1041,7,50.62439961575408
34,6,no_exam,39695,parsons,ch8,462,8,40.25974025974026
34,6,no_exam,39695,parsons,ch9,350,9,60.857142857142854
34,6,no_exam,39695,unittest,ch13,4,13,0.0
34,6,no_exam,39695,unittest,ch14,3,14,33.33333333333333
34,6,no_exam,39695,unittest,chF17,2,F17,0.0
35,12,no_exam,13612,mchoice,ch1,1346,1,77.26597325408619
35,12,no_exam,13612,mchoice,ch10,90,10,84.44444444444444
35,12,no_exam,13612,mchoice,ch11,62,11,61.29032258064516
35,12,no_exam,13612,mchoice,ch12,326,12,56.74846625766872
35,12,no_exam,13612,mchoice,ch13,363,13,65.56473829201101
35,12,no_exam,13612,mchoice,ch14,145,14,62.06896551724138
35,12,no_exam,13612,mchoice,ch15,48,15,56.25
35,12,no_exam,13612,mchoice,ch16,319,16,62.695924764890286
35,12,no_exam,13612,mchoice,ch17,120,17,75.83333333333333
35,12,no_exam,13612,mchoice,ch18,103,18,47.57281553398058
35,12,no_exam,13612,mchoice,ch2,453,2,67.3289183222958
35,12,no_exam,13612,mchoice,ch22,12,22,50.0
35,12,no_exam,13612,mchoice,ch3,2426,3,82.31657048639737
35,12,no_exam,13612,mchoice,ch4,1658,4,77.38238841978287
35,12,no_exam,13612,mchoice,ch5,399,5,79.19799498746866
35,12,no_exam,13612,mchoice,ch6,898,6,78.17371937639199
35,12,no_exam,13612,mchoice,ch7,927,7,76.59115426105717
35,12,no_exam,13612,mchoice,ch8,729,8,70.78189300411523
35,12,no_exam,13612,mchoice,ch9,300,9,63.33333333333333
35,12,no_exam,13612,parsons,ch10,267,10,31.46067415730337
35,12,no_exam,13612,parsons,ch12,80,12,70.0
35,12,no_exam,13612,parsons,ch13,33,13,78.78787878787878
35,12,no_exam,13612,parsons,ch14,24,14,12.5
35,12,no_exam,13612,parsons,ch16,15,16,13.333333333333334
35,12,no_exam,13612,parsons,ch18,71,18,50.70422535211267
35,12,no_exam,13612,parsons,ch21,5,21,0.0
35,12,no_exam,13612,parsons,ch3,362,3,52.762430939226526
35,12,no_exam,13612,parsons,ch4,276,4,86.59420289855072
35,12,no_exam,13612,parsons,ch5,1002,5,53.093812375249506
35,12,no_exam,13612,parsons,ch6,186,6,52.68817204301075
35,12,no_exam,13612,parsons,ch7,306,7,62.41830065359477
35,12,no_exam,13612,parsons,ch8,142,8,52.816901408450704
35,12,no_exam,13612,parsons,ch9,111,9,72.07207207207207
35,12,no_exam,13612,unittest,ch13,2,13,0.0
35,12,no_exam,13612,unittest,ch14,3,14,0.0
35,12,no_exam,13612,unittest,chF17,3,F17,0.0
36,no_pretest,no_exam,23813,mchoice,ch1,1292,1,65.78947368421053
36,no_pretest,no_exam,23813,mchoice,ch10,181,10,65.74585635359117
36,no_pretest,no_exam,23813,mchoice,ch11,125,11,58.4
36,no_pretest,no_exam,23813,mchoice,ch12,1144,12,46.85314685314685
36,no_pretest,no_exam,23813,mchoice,ch13,1089,13,56.29017447199265
36,no_pretest,no_exam,23813,mchoice,ch14,373,14,52.27882037533512
36,no_pretest,no_exam,23813,mchoice,ch15,116,15,37.06896551724138
36,no_pretest,no_exam,23813,mchoice,ch16,520,16,53.26923076923077
36,no_pretest,no_exam,23813,mchoice,ch17,163,17,65.03067484662577
36,no_pretest,no_exam,23813,mchoice,ch18,215,18,51.627906976744185
36,no_pretest,no_exam,23813,mchoice,ch2,276,2,45.65217391304348
36,no_pretest,no_exam,23813,mchoice,ch22,49,22,28.57142857142857
36,no_pretest,no_exam,23813,mchoice,ch3,4055,3,68.50801479654747
36,no_pretest,no_exam,23813,mchoice,ch4,2583,4,63.569492837785525
36,no_pretest,no_exam,23813,mchoice,ch5,865,5,68.4393063583815
36,no_pretest,no_exam,23813,mchoice,ch6,1506,6,68.85790172642763
36,no_pretest,no_exam,23813,mchoice,ch7,1858,7,63.02475780409041
36,no_pretest,no_exam,23813,mchoice,ch8,1491,8,56.8075117370892
36,no_pretest,no_exam,23813,mchoice,ch9,338,9,44.37869822485207
36,no_pretest,no_exam,23813,parsons,ch10,461,10,19.088937093275486
36,no_pretest,no_exam,23813,parsons,ch12,325,12,37.84615384615385
36,no_pretest,no_exam,23813,parsons,ch13,96,13,47.91666666666667
36,no_pretest,no_exam,23813,parsons,ch14,62,14,14.516129032258066
36,no_pretest,no_exam,23813,parsons,ch16,25,16,16.0
36,no_pretest,no_exam,23813,parsons,ch18,143,18,46.85314685314685
36,no_pretest,no_exam,23813,parsons,ch21,22,21,0.0
36,no_pretest,no_exam,23813,parsons,ch3,590,3,35.42372881355932
36,no_pretest,no_exam,23813,parsons,ch4,413,4,74.57627118644068
36,no_pretest,no_exam,23813,parsons,ch5,1861,5,35.94841483073616
36,no_pretest,no_exam,23813,parsons,ch6,319,6,30.094043887147336
36,no_pretest,no_exam,23813,parsons,ch7,621,7,43.31723027375201
36,no_pretest,no_exam,23813,parsons,ch8,263,8,30.418250950570343
36,no_pretest,no_exam,23813,parsons,ch9,125,9,42.4
36,no_pretest,no_exam,23813,unittest,ch13,97,13,8.24742268041237
36,no_pretest,no_exam,23813,unittest,ch14,77,14,22.07792207792208
36,no_pretest,no_exam,23813,unittest,chF17,74,F17,21.62162162162162
